I need to deploy a chatbot on aws serverless what would be your recommendation,"Here's a software design template based on the user's summary of deploying a chatbot on AWS serverless:

1. **Overview:**
The software design focuses on deploying a serverless chatbot solution using AWS services. This approach leverages the scalability, cost-effectiveness, and managed infrastructure of serverless architecture to create a robust and efficient chatbot system. The design emphasizes minimal operational overhead while providing a highly available and responsive chatbot experience.

2. **Components:**
a. User Interface: A web or mobile interface for users to interact with the chatbot.
b. API Gateway: Manages API requests and acts as the entry point for the chatbot.
c. Lambda Function: Processes user inputs, manages conversation flow, and generates responses.
d. Amazon Lex: Natural Language Processing (NLP) engine for intent recognition and conversation management.
e. DynamoDB: NoSQL database for storing conversation history and user data.
f. CloudWatch: Monitoring and logging service for system performance and debugging.
g. S3: Storage for static assets and potential training data for the chatbot.

3. **Entities:**
- AWS Lambda
- Amazon API Gateway
- Amazon Lex
- Amazon DynamoDB
- Amazon CloudWatch
- Amazon S3
- AWS IAM (Identity and Access Management)
- Serverless Framework (optional for deployment)
- Node.js or Python (for Lambda function implementation)

4. **Relationships:**
- User Interface interacts with API Gateway
- API Gateway triggers Lambda function
- Lambda function integrates with Amazon Lex for NLP processing
- Lambda function reads from and writes to DynamoDB for data persistence
- CloudWatch monitors all components and stores logs
- S3 stores static assets accessed by Lambda function when needed
- IAM manages permissions and access control across all components

5. **Context:**
The user requires a serverless chatbot deployment on AWS, indicating a need for a scalable, cost-effective solution with minimal infrastructure management. The serverless architecture aligns well with chatbot requirements, as it can handle varying loads efficiently and only incurs costs when in use.

6. **Technology Stack:**
- Frontend: HTML, CSS, JavaScript (React or Vue.js for more complex interfaces)
- Backend: AWS Lambda (Node.js or Python)
- API Management: Amazon API Gateway
- Natural Language Processing: Amazon Lex
- Database: Amazon DynamoDB
- Monitoring and Logging: Amazon CloudWatch
- Storage: Amazon S3
- Security and Access Control: AWS IAM
- Deployment: AWS CloudFormation or Serverless Framework

This serverless chatbot design on AWS provides a scalable and efficient solution. The user interface sends requests through API Gateway, which triggers a Lambda function. The Lambda function integrates with Amazon Lex for natural language processing and intent recognition. It also interacts with DynamoDB to store and retrieve conversation history and user data.

The serverless architecture ensures that the system can handle varying loads without manual scaling. Lambda functions automatically scale based on incoming requests, and DynamoDB provides fast, consistent performance at any scale.

CloudWatch is used for monitoring the entire system, providing insights into performance and potential issues. S3 can store any static assets or training data required by the chatbot.

Security is managed through IAM, ensuring proper access controls and permissions across all components. The use of API Gateway also allows for easy implementation of authentication and authorization mechanisms.

For deployment, the Serverless Framework or AWS CloudFormation can be used to define and manage the infrastructure as code, making it easy to version and replicate the deployment across different environments.

This design offers a flexible, scalable, and cost-effective solution for deploying a chatbot on AWS, leveraging the benefits of serverless architecture to minimize operational overhead while providing a robust and responsive user experience.","Here's the generated diagram code for the serverless chatbot architecture on AWS using the Diagrams library (version 0.23.4), following the instructions and sample code provided:


from diagrams import Diagram, Cluster, Edge
from diagrams.aws.compute import Lambda
from diagrams.aws.database import Dynamodb
from diagrams.aws.storage import S3
from diagrams.aws.mobile import APIGateway
from diagrams.aws.ml import Lex
from diagrams.aws.management import Cloudwatch
from diagrams.aws.security import IAM
from diagrams.generic.device import Mobile

with Diagram(""AWS Serverless Chatbot"", show=False, filename=""static/gpt_generated_diagram""):
    with Cluster(""AWS Cloud""):
        api = APIGateway(""Amazon API Gateway"")
        lambda_fn = Lambda(""AWS Lambda"")
        lex = Lex(""Amazon Lex"")
        dynamodb = Dynamodb(""Amazon DynamoDB"")
        s3 = S3(""Amazon S3"")
        cloudwatch = Cloudwatch(""Amazon CloudWatch"")
        iam = IAM(""AWS IAM"")

        api - Edge(label=""Trigger"") >> lambda_fn
        lambda_fn - Edge(label=""NLP Processing"") >> lex
        lambda_fn - Edge(label=""Read/Write Data"") >> dynamodb
        lambda_fn - Edge(label=""Access Assets"") >> s3

        cloudwatch - Edge(label=""Monitor"", style=""dashed"") >> api
        cloudwatch - Edge(label=""Monitor"", style=""dashed"") >> lambda_fn
        cloudwatch - Edge(label=""Monitor"", style=""dashed"") >> lex
        cloudwatch - Edge(label=""Monitor"", style=""dashed"") >> dynamodb
        cloudwatch - Edge(label=""Monitor"", style=""dashed"") >> s3

        iam - Edge(label=""Manage Access"", style=""dashed"") >> api
        iam - Edge(label=""Manage Access"", style=""dashed"") >> lambda_fn
        iam - Edge(label=""Manage Access"", style=""dashed"") >> lex
        iam - Edge(label=""Manage Access"", style=""dashed"") >> dynamodb
        iam - Edge(label=""Manage Access"", style=""dashed"") >> s3

    user_interface = Mobile(""User Interface\n(Web/Mobile)"")
    user_interface - Edge(label=""HTTPS"") >> api


This code generates a diagram representing the serverless chatbot architecture on AWS, using the Diagrams library version 0.23.4. It includes all the components mentioned in the original DOT language diagram and follows the structure and syntax of the provided sample code.",correct
"Hi, I need to deploy a 3 tier architecture on aws the application should be highly available and secure, please suggest a cost efficient solution","Here's a software design template based on the user's summary, addressing the requested points:

1. **Overview:**
The proposed software design outlines a highly available and secure 3-tier architecture deployed on AWS. This cost-efficient solution aims to provide a robust infrastructure for hosting applications with separate presentation, application, and data tiers. The design emphasizes scalability, reliability, and security while optimizing costs through strategic use of AWS services.

2. **Components:**
a) Presentation Tier:
   - Amazon CloudFront for content delivery
   - Elastic Load Balancer (ELB) for distributing traffic
   - Amazon EC2 instances in an Auto Scaling group for web servers

b) Application Tier:
   - Amazon EC2 instances in an Auto Scaling group for application servers
   - Elastic Load Balancer for distributing traffic between application servers

c) Data Tier:
   - Amazon RDS for managed relational database service
   - Amazon ElastiCache for caching frequently accessed data

d) Security and Networking:
   - Amazon VPC for network isolation
   - Security Groups and Network ACLs for access control
   - AWS WAF for web application firewall protection

e) Monitoring and Management:
   - Amazon CloudWatch for monitoring and alerts
   - AWS Systems Manager for configuration management

3. **Entities:**
- Amazon Web Services (AWS)
- Virtual Private Cloud (VPC)
- Elastic Compute Cloud (EC2)
- Elastic Load Balancer (ELB)
- Auto Scaling
- Relational Database Service (RDS)
- ElastiCache
- CloudFront
- CloudWatch
- Systems Manager
- Web Application Firewall (WAF)
- Security Groups
- Network Access Control Lists (NACLs)

4. **Relationships:**
- CloudFront distributes content to users and forwards requests to the ELB in the presentation tier
- ELB in the presentation tier distributes traffic to EC2 instances running web servers
- Web servers communicate with the application tier through another ELB
- Application servers process business logic and interact with the data tier
- RDS provides database services for the application tier
- ElastiCache supports caching to reduce database load
- CloudWatch monitors all components and triggers alerts or Auto Scaling actions
- Systems Manager manages and configures EC2 instances across tiers
- WAF protects the application from web-based attacks
- Security Groups and NACLs control traffic between tiers and from external sources

5. **Context:**
The user requires a highly available and secure 3-tier architecture on AWS, emphasizing cost efficiency. This context suggests the need for redundancy, fault tolerance, and security measures while optimizing resource utilization to keep costs in check. The solution must be scalable to handle varying loads and provide consistent performance.

6. **Technology Stack:**
- Compute: Amazon EC2 with Auto Scaling
- Networking: Amazon VPC, ELB, CloudFront
- Database: Amazon RDS (e.g., MySQL, PostgreSQL)
- Caching: Amazon ElastiCache (e.g., Redis)
- Security: AWS WAF, Security Groups, NACLs
- Monitoring: Amazon CloudWatch
- Management: AWS Systems Manager
- Development: Based on application requirements (e.g., Node.js, Java, Python)
- Container Orchestration: Optional use of Amazon ECS or EKS for containerized applications

This design leverages AWS managed services to reduce operational overhead and provides a scalable, secure foundation for the 3-tier application. Cost efficiency is achieved through the use of Auto Scaling to match capacity with demand, spot instances for non-critical workloads, and reserved instances for predictable, long-term usage. The multi-AZ deployment ensures high availability, while security measures like VPC, WAF, and proper network segmentation protect the application at multiple levels.","Here's the converted diagram code using the diagrams Python library (version 0.23.4) based on the provided DOT language diagram:


from diagrams import Diagram, Cluster, Edge
from diagrams.aws.network import CloudFront, ELB, Route53
from diagrams.aws.compute import EC2Auto
from diagrams.aws.database import RDS, ElastiCache
from diagrams.aws.security import WAF
from diagrams.aws.management import Cloudwatch, SystemsManager
from diagrams.generic.network import Internet

with Diagram(""AWS 3-Tier Architecture"", show=False, filename=""static/gpt_generated_diagram""):
    users = Internet(""Internet Users"")

    with Cluster(""AWS Cloud""):
        with Cluster(""Presentation Tier""):
            cloudfront = CloudFront(""CloudFront"")
            elb_web = ELB(""ELB (Web)"")
            ec2_web = EC2Auto(""EC2 Auto Scaling\nWeb Servers"")

        with Cluster(""Application Tier""):
            elb_app = ELB(""ELB (App)"")
            ec2_app = EC2Auto(""EC2 Auto Scaling\nApp Servers"")

        with Cluster(""Data Tier""):
            rds = RDS(""Amazon RDS"")
            elasticache = ElastiCache(""ElastiCache"")

        waf = WAF(""AWS WAF"")
        cloudwatch = Cloudwatch(""CloudWatch"")
        ssm = SystemsManager(""Systems Manager"")

    users >> cloudfront >> waf >> elb_web >> ec2_web >> elb_app >> ec2_app
    ec2_app >> rds
    ec2_app >> elasticache

    cloudwatch << Edge(style=""dotted"", color=""darkgreen"") << cloudfront
    cloudwatch << Edge(style=""dotted"", color=""darkgreen"") << elb_web
    cloudwatch << Edge(style=""dotted"", color=""darkgreen"") << ec2_web
    cloudwatch << Edge(style=""dotted"", color=""darkgreen"") << elb_app
    cloudwatch << Edge(style=""dotted"", color=""darkgreen"") << ec2_app
    cloudwatch << Edge(style=""dotted"", color=""darkgreen"") << rds
    cloudwatch << Edge(style=""dotted"", color=""darkgreen"") << elasticache

    ssm >> Edge(style=""dashed"") >> ec2_web
    ssm >> Edge(style=""dashed"") >> ec2_app


This code creates a diagram that represents the 3-tier AWS architecture as described in the original DOT language diagram. It uses the correct import statements and adheres to the features and syntax of diagrams library version 0.23.4. The diagram is set to not show (show=False) and the filename is set to ""static/gpt_generated_diagram"" as requested.",incorrect
"Hi, I need to deploy a 3-tier architecture on AWS the application should be highly available and secure, please suggest a cost-efficient solution","Here's a software design template based on the user's summary for a 3-tier architecture on AWS, focusing on high availability, security, and cost-efficiency:

1. **Overview:**
The software design outlines a highly available and secure 3-tier architecture deployed on AWS. This architecture separates the presentation, application, and data layers, ensuring scalability, reliability, and optimal performance. The design emphasizes cost-efficiency while maintaining robust security measures and high availability across all tiers.

2. **Components:**
a) Presentation Tier:
   - Amazon CloudFront for content delivery
   - Application Load Balancer (ALB) for request distribution
   - Amazon S3 for static content storage

b) Application Tier:
   - Amazon EC2 instances in an Auto Scaling group
   - Amazon ECS (Elastic Container Service) for containerized applications

c) Data Tier:
   - Amazon RDS (Relational Database Service) for structured data
   - Amazon ElastiCache for caching and improving performance

d) Security and Management:
   - AWS WAF (Web Application Firewall) for protection against web exploits
   - Amazon VPC (Virtual Private Cloud) for network isolation
   - AWS IAM (Identity and Access Management) for access control
   - AWS CloudWatch for monitoring and alerting

3. **Entities:**
- AWS services: CloudFront, S3, ALB, EC2, ECS, RDS, ElastiCache, WAF, VPC, IAM, CloudWatch
- Auto Scaling
- Containers
- Load balancers
- Databases
- Caching systems
- Firewalls
- Monitoring tools

4. **Relationships:**
- CloudFront distributes content from S3 and routes requests to ALB
- ALB distributes traffic across EC2 instances or ECS tasks in the application tier
- EC2 instances/ECS tasks communicate with RDS and ElastiCache in the data tier
- VPC encompasses all components, providing network isolation
- WAF protects the application from web-based attacks
- IAM manages access control across all components
- CloudWatch monitors the entire architecture

5. **Context:**
The user requires a highly available and secure 3-tier architecture on AWS with a focus on cost-efficiency. This implies the need for:
- Redundancy and fault tolerance across all tiers
- Scalability to handle varying loads
- Security measures to protect against threats
- Optimized resource utilization to minimize costs

6. **Technology Stack:**
- Compute: Amazon EC2, Amazon ECS
- Storage: Amazon S3, Amazon EBS (Elastic Block Store)
- Database: Amazon RDS (e.g., MySQL, PostgreSQL)
- Caching: Amazon ElastiCache (Redis or Memcached)
- Networking: Amazon VPC, Route 53, CloudFront
- Security: AWS WAF, IAM, Security Groups, Network ACLs
- Load Balancing: Application Load Balancer
- Monitoring and Management: AWS CloudWatch, AWS CloudTrail
- DevOps: AWS CloudFormation for infrastructure as code

This design leverages AWS managed services to reduce operational overhead and costs. The use of Auto Scaling groups ensures that the application can handle varying loads while optimizing resource usage. Security is enhanced through the implementation of WAF, IAM, and VPC, providing multiple layers of protection. High availability is achieved through the use of multiple Availability Zones and the inherent redundancy of AWS managed services.

To further optimize costs, consider using AWS Reserved Instances for predictable workloads, implementing AWS Savings Plans, and utilizing Amazon EC2 Spot Instances for non-critical, fault-tolerant applications. Regular monitoring and analysis of CloudWatch metrics will help identify opportunities for further cost optimization without compromising on performance or availability.","Here's the Python code using the diagrams library (version 0.23.4) to create the AWS 3-tier architecture diagram:


from diagrams import Diagram, Cluster, Edge
from diagrams.aws.compute import EC2AutoScaling, ECS
from diagrams.aws.database import RDS, ElastiCache
from diagrams.aws.network import ELB, CloudFront, VPC
from diagrams.aws.security import WAF, IAM
from diagrams.aws.storage import S3
from diagrams.aws.management import Cloudwatch
from diagrams.generic.device import Tablet

with Diagram(""AWS 3-Tier Architecture"", show=False, filename=""static/gpt_generated_diagram""):
    users = Tablet(""Internet Users"")

    with Cluster(""Presentation Tier""):
        cloudfront = CloudFront(""Amazon CloudFront"")
        alb = ELB(""Application Load Balancer"")
        s3 = S3(""Amazon S3"")

    with Cluster(""Application Tier""):
        ec2_asg = EC2AutoScaling(""EC2 Auto Scaling Group"")
        ecs = ECS(""Amazon ECS"")

    with Cluster(""Data Tier""):
        rds = RDS(""Amazon RDS"")
        elasticache = ElastiCache(""Amazon ElastiCache"")

    with Cluster(""Security and Management""):
        waf = WAF(""AWS WAF"")
        iam = IAM(""AWS IAM"")
        cloudwatch = Cloudwatch(""AWS CloudWatch"")

    vpc = VPC(""Amazon VPC"")

    users >> cloudfront
    cloudfront >> alb
    cloudfront >> s3

    alb >> ec2_asg
    alb >> ecs

    ec2_asg >> rds
    ec2_asg >> elasticache
    ecs >> rds
    ecs >> elasticache

    waf >> cloudfront
    iam >> Edge(color=""brown"") >> [cloudfront, alb, ec2_asg, ecs, rds, elasticache]
    cloudwatch >> Edge(color=""orange"") >> [cloudfront, alb, ec2_asg, ecs, rds, elasticache]

    vpc >> Edge(style=""dotted"") >> [cloudfront, alb, s3, ec2_asg, ecs, rds, elasticache]


This code creates a diagram representing the 3-tier architecture on AWS, following the structure and relationships described in the original DOT language diagram. The diagram is saved as an image file without being displayed, using the filename ""static/gpt_generated_diagram"".",correct
draw me a serverless architecture for image water marking ,"Here's a software design template for a serverless architecture for image watermarking, based on the user's summary:

1. **Overview:**
The serverless architecture for image watermarking is designed to efficiently process and add watermarks to images without the need for managing underlying infrastructure. This solution leverages various AWS services to create a scalable, cost-effective, and automated workflow for image processing.

2. **Components:**
a. Amazon S3: Serves as the storage solution for both input and output images.
b. AWS Lambda: Handles the image processing and watermarking logic.
c. Amazon API Gateway: Provides a RESTful API interface for triggering the watermarking process.
d. Amazon DynamoDB: Stores metadata about processed images and watermarking jobs.
e. AWS Step Functions: Orchestrates the workflow and manages the state of each watermarking job.
f. Amazon CloudWatch: Monitors the system and provides logging capabilities.
g. Amazon SNS: Sends notifications about job completion or errors.

3. **Entities:**
- AWS SDK for Python (Boto3): Used within Lambda functions to interact with AWS services.
- Pillow (Python Imaging Library): Utilized for image processing and watermarking.
- JSON: Used for data exchange between components.
- IAM Roles and Policies: Manage permissions for AWS services.
- CloudFormation: Infrastructure as Code (IaC) for deploying the architecture.

4. **Relationships:**
- S3 triggers Lambda functions when new images are uploaded.
- API Gateway invokes Step Functions to start the watermarking process.
- Step Functions coordinate the execution of Lambda functions.
- Lambda functions read from and write to S3 buckets.
- Lambda functions update DynamoDB with job status and metadata.
- CloudWatch monitors all components and triggers alarms if needed.
- SNS sends notifications based on CloudWatch alarms or job completion events.

5. **Context:**
The serverless architecture is designed for users who need to add watermarks to images at scale. It's suitable for various use cases, such as protecting copyrighted images, adding branding to user-generated content, or processing large batches of images for e-commerce platforms.

6. **Technology Stack:**
- Cloud Platform: Amazon Web Services (AWS)
- Compute: AWS Lambda (Python runtime)
- Storage: Amazon S3
- Database: Amazon DynamoDB
- API Management: Amazon API Gateway
- Workflow Orchestration: AWS Step Functions
- Monitoring and Logging: Amazon CloudWatch
- Notifications: Amazon SNS
- Development Language: Python
- Image Processing Library: Pillow
- Infrastructure as Code: AWS CloudFormation

This serverless architecture for image watermarking offers several advantages:

1. Scalability: The system can automatically scale to handle varying loads of image processing requests without manual intervention.

2. Cost-effectiveness: Users only pay for the actual compute resources used during image processing, eliminating the need for constantly running servers.

3. High availability: By leveraging AWS managed services, the architecture ensures high availability and fault tolerance.

4. Easy maintenance: With serverless components, there's no need to manage underlying infrastructure, reducing operational overhead.

5. Flexibility: The architecture can be easily extended to support additional image processing features or integrate with other AWS services.

6. Performance: Parallel processing of images can be achieved by leveraging multiple Lambda functions, reducing overall processing time for large batches.

7. Security: AWS IAM roles and policies ensure secure access to resources, while S3 bucket policies can be implemented to protect stored images.

8. Monitoring and troubleshooting: CloudWatch provides comprehensive logging and monitoring capabilities for easy troubleshooting and optimization.

This serverless architecture for image watermarking provides a robust, scalable, and efficient solution for processing images without the complexity of managing traditional server-based infrastructure.","Here's the Python code using the diagrams library (version 0.23.4) to create the serverless image watermarking architecture diagram:


from diagrams import Diagram, Cluster, Edge
from diagrams.aws.storage import S3
from diagrams.aws.compute import Lambda
from diagrams.aws.network import APIGateway
from diagrams.aws.database import Dynamodb
from diagrams.aws.integration import StepFunctions
from diagrams.aws.management import Cloudwatch
from diagrams.aws.integration import SNS
from diagrams.generic.device import Mobile

# Set Diagram attributes
diagram_attr = {
    ""fontsize"": ""45"",
    ""bgcolor"": ""transparent""
}

# Set Node attributes
node_attr = {
    ""fontsize"": ""14""
}

# Set Edge attributes
edge_attr = {
    ""fontsize"": ""12""
}

with Diagram(""Serverless Image Watermarking"", show=False, filename=""static/gpt_generated_diagram"", graph_attr=diagram_attr, node_attr=node_attr, edge_attr=edge_attr):
    user = Mobile(""User"")
    developer = Mobile(""Developer"")

    with Cluster(""AWS Cloud""):
        s3 = S3(""Amazon S3"")
        lambda_func = Lambda(""AWS Lambda"")
        api_gateway = APIGateway(""API Gateway"")
        dynamodb = Dynamodb(""DynamoDB"")
        step_functions = StepFunctions(""Step Functions"")
        cloudwatch = Cloudwatch(""CloudWatch"")
        sns = SNS(""Amazon SNS"")

        user >> Edge(label=""1. Upload image"") >> api_gateway
        api_gateway >> Edge(label=""2. Trigger workflow"") >> step_functions
        step_functions >> Edge(label=""3. Coordinate tasks"") >> lambda_func
        lambda_func >> Edge(label=""4. Read/Write images"") >> s3
        lambda_func >> Edge(label=""5. Update metadata"") >> dynamodb
        s3 >> Edge(label=""6. Trigger on new upload"") >> lambda_func
        cloudwatch >> Edge(label=""7. Send alerts"") >> sns
        sns >> Edge(label=""8. Notify completion"") >> user

        cloudwatch - Edge(style=""dotted"", label=""Monitor"") - s3
        cloudwatch - Edge(style=""dotted"", label=""Monitor"") - lambda_func
        cloudwatch - Edge(style=""dotted"", label=""Monitor"") - api_gateway
        cloudwatch - Edge(style=""dotted"", label=""Monitor"") - dynamodb
        cloudwatch - Edge(style=""dotted"", label=""Monitor"") - step_functions

    developer >> Edge(style=""dashed"", label=""Deploy/Manage"") >> s3
    developer >> Edge(style=""dashed"", label=""Deploy/Manage"") >> lambda_func
    developer >> Edge(style=""dashed"", label=""Deploy/Manage"") >> api_gateway
    developer >> Edge(style=""dashed"", label=""Deploy/Manage"") >> dynamodb
    developer >> Edge(style=""dashed"", label=""Deploy/Manage"") >> step_functions


This code creates a diagram representing the serverless image watermarking architecture using the diagrams library (version 0.23.4). It includes all the components and relationships described in the original DOT language diagram, while adhering to the syntax and features available in the specified version of the diagrams library.",correct
"Hi, My team is planning to migrate our postgres database from on-premise to aws cloud we require the database to be highly available, fault tolerent and have disaster recovery strategies implemented.","Certainly! I'll provide a software design template based on the user's summary for migrating a PostgreSQL database from on-premise to AWS cloud, focusing on high availability, fault tolerance, and disaster recovery strategies.

1. **Overview:**
The software design outlines a migration strategy for moving an on-premise PostgreSQL database to AWS cloud, emphasizing high availability, fault tolerance, and robust disaster recovery mechanisms. The solution leverages AWS's managed database service, Amazon RDS for PostgreSQL, along with various AWS services to create a resilient and scalable database infrastructure.

2. **Components:**
a. Amazon RDS for PostgreSQL: Primary database service
b. Multi-AZ Deployment: For high availability and fault tolerance
c. Read Replicas: To improve read performance and provide failover options
d. Amazon S3: For database backups and disaster recovery
e. AWS Database Migration Service (DMS): For seamless data migration
f. Amazon CloudWatch: For monitoring and alerting
g. AWS Identity and Access Management (IAM): For security and access control
h. Amazon VPC: For network isolation and security

3. **Entities:**
- PostgreSQL database
- AWS RDS
- AWS S3
- AWS DMS
- AWS CloudWatch
- AWS IAM
- Amazon VPC
- AWS Backup

4. **Relationships:**
- The on-premise PostgreSQL database will be migrated to Amazon RDS for PostgreSQL using AWS DMS.
- The RDS instance will be configured with Multi-AZ deployment for high availability.
- Read Replicas will be set up in different Availability Zones for improved performance and fault tolerance.
- Amazon S3 will store automated backups and snapshots for disaster recovery.
- CloudWatch will monitor the RDS instances and trigger alarms based on predefined metrics.
- IAM will manage access control and permissions for the database and related AWS services.
- The entire setup will be enclosed within a VPC for network isolation and security.

5. **Context:**
The migration from on-premise to AWS cloud is driven by the need for improved availability, fault tolerance, and disaster recovery capabilities. The current on-premise setup likely lacks these features or requires significant effort to maintain them. By moving to AWS, the team can leverage managed services and built-in features to achieve these goals more efficiently.

6. **Technology Stack:**
- Database: PostgreSQL
- Cloud Platform: Amazon Web Services (AWS)
- Database Service: Amazon RDS for PostgreSQL
- Migration Tool: AWS Database Migration Service (DMS)
- Storage: Amazon S3
- Monitoring: Amazon CloudWatch
- Security: AWS Identity and Access Management (IAM)
- Networking: Amazon VPC
- Backup and Recovery: AWS Backup

Additional Considerations:
1. High Availability: Implement Multi-AZ deployment for automatic failover to a standby instance in case of hardware failure or Availability Zone outage.

2. Fault Tolerance: Utilize Read Replicas across multiple Availability Zones to distribute read traffic and provide additional failover options.

3. Disaster Recovery:
   a. Automated Backups: Configure automated daily backups with retention periods.
   b. Manual Snapshots: Create manual snapshots before major changes or at regular intervals.
   c. Cross-Region Replication: Set up a read replica in a different AWS region for geographic redundancy.
   d. Point-in-Time Recovery: Enable point-in-time recovery to restore the database to any second within the retention period.

4. Performance Optimization:
   a. Use RDS Performance Insights to monitor and optimize database performance.
   b. Implement Amazon ElastiCache for caching frequently accessed data.

5. Security:
   a. Enable encryption at rest using AWS Key Management Service (KMS).
   b. Use SSL/TLS for data in transit.
   c. Implement network security groups and NACLs to control access.

6. Monitoring and Maintenance:
   a. Set up CloudWatch alarms for key metrics like CPU utilization, storage space, and connection count.
   b. Use AWS Systems Manager for automated patching and maintenance.

By following this design, the team can achieve a highly available, fault-tolerant PostgreSQL database setup in AWS with comprehensive disaster recovery strategies in place.","Here's the Python code using the diagrams library (version 0.23.4) to create the PostgreSQL migration diagram:


from diagrams import Diagram, Cluster, Edge
from diagrams.aws.database import RDS, ElastiCache
from diagrams.aws.migration import DatabaseMigrationService
from diagrams.aws.storage import S3
from diagrams.aws.management import Cloudwatch
from diagrams.aws.security import IAM, KMS
from diagrams.aws.storage import Backup
from diagrams.onprem.database import PostgreSQL

with Diagram(""PostgreSQL_Migration_to_AWS"", show=False, filename=""static/gpt_generated_diagram""):
    with Cluster(""On-Premise""):
        on_premise_db = PostgreSQL(""PostgreSQL\nDatabase"")

    with Cluster(""AWS Cloud""):
        with Cluster(""Amazon VPC""):
            with Cluster(""Amazon RDS for PostgreSQL""):
                primary_db = RDS(""Primary DB\n(Multi-AZ)"")
                standby_db = RDS(""Standby DB"")
                read_replica1 = RDS(""Read Replica 1"")
                read_replica2 = RDS(""Read Replica 2"")

            elasticache = ElastiCache(""Amazon\nElastiCache"")

        dms = DatabaseMigrationService(""AWS Database\nMigration Service"")
        s3 = S3(""Amazon S3"")
        cloudwatch = Cloudwatch(""Amazon\nCloudWatch"")
        iam = IAM(""AWS IAM"")
        kms = KMS(""AWS KMS"")
        backup = Backup(""AWS Backup"")

    on_premise_db >> Edge(label=""Migrate"") >> dms
    dms >> Edge(label=""Populate"") >> primary_db

    primary_db >> Edge(label=""Sync"") >> standby_db
    standby_db >> Edge() >> primary_db
    primary_db >> Edge(label=""Replicate"") >> read_replica1
    primary_db >> Edge(label=""Replicate"") >> read_replica2

    primary_db >> Edge(label=""Backup"") >> s3
    standby_db >> Edge(label=""Backup"") >> s3
    read_replica1 >> Edge(label=""Backup"") >> s3
    read_replica2 >> Edge(label=""Backup"") >> s3

    cloudwatch << Edge(label=""Monitor"") << primary_db
    cloudwatch << Edge(label=""Monitor"") << standby_db
    cloudwatch << Edge(label=""Monitor"") << read_replica1
    cloudwatch << Edge(label=""Monitor"") << read_replica2

    iam >> Edge(label=""Manage Access"") >> primary_db
    primary_db >> Edge() >> iam
    kms >> Edge(label=""Encrypt"") >> primary_db

    backup >> Edge(label=""Manage"") >> s3
    s3 >> Edge() >> backup

    primary_db >> Edge(label=""Cache"") >> elasticache
    elasticache >> Edge() >> primary_db


This code creates a diagram that closely resembles the structure and relationships described in the DOT language diagram, using the diagrams Python library (version 0.23.4). The diagram is saved as an image file named ""gpt_generated_diagram"" in the ""static"" directory, with `show=False` to prevent automatic display.",correct
genrate a serverless architecture for image water marking application,"Here's a software design template for a serverless architecture for an image watermarking application, based on the given summary:

1. **Overview:**
The serverless architecture for image watermarking is designed to efficiently process and add watermarks to images using AWS cloud services. This scalable and cost-effective solution leverages various AWS components to handle image uploads, processing, storage, and delivery, without the need for managing underlying infrastructure.

2. **Components:**
a) Amazon S3: Serves as the primary storage for both input and processed images.
b) AWS Lambda: Executes the image watermarking function.
c) Amazon API Gateway: Provides RESTful API endpoints for the application.
d) Amazon DynamoDB: Stores metadata about processed images.
e) Amazon CloudFront: Acts as a content delivery network for faster image serving.
f) AWS Step Functions: Orchestrates the watermarking workflow.
g) Amazon EventBridge: Triggers the watermarking process based on S3 events.

3. **Entities:**
- AWS SDK for Python (Boto3)
- Pillow (Python Imaging Library)
- AWS CloudFormation
- AWS Identity and Access Management (IAM)
- Amazon CloudWatch

4. **Relationships:**
- Users upload images to an S3 bucket, which triggers an EventBridge rule.
- EventBridge invokes a Step Functions workflow.
- Step Functions orchestrate the process, invoking Lambda functions as needed.
- Lambda functions retrieve images from S3, process them using Pillow, and store the watermarked images back in S3.
- Lambda functions also update metadata in DynamoDB.
- API Gateway provides endpoints for users to interact with the application.
- CloudFront distributes the processed images from S3 to end-users.

5. **Context:**
The application is designed for users who need to add watermarks to their images in a scalable and automated manner. It caters to scenarios where large volumes of images need to be processed without manual intervention. The serverless architecture ensures that the system can handle varying loads efficiently and cost-effectively.

6. **Technology Stack:**
- Cloud Platform: Amazon Web Services (AWS)
- Compute: AWS Lambda (Python runtime)
- Storage: Amazon S3
- Database: Amazon DynamoDB
- API Management: Amazon API Gateway
- Content Delivery: Amazon CloudFront
- Workflow Orchestration: AWS Step Functions
- Event Management: Amazon EventBridge
- Monitoring and Logging: Amazon CloudWatch
- Infrastructure as Code: AWS CloudFormation
- Security: AWS Identity and Access Management (IAM)
- Development: Python, Pillow library

The serverless architecture for the image watermarking application is designed to be highly scalable, cost-effective, and easy to maintain. It leverages AWS Lambda for the core watermarking functionality, which allows for automatic scaling based on the number of incoming requests. Amazon S3 provides durable and secure storage for both original and processed images.

The workflow is initiated when a user uploads an image to a designated S3 bucket. This event triggers an Amazon EventBridge rule, which in turn starts an AWS Step Functions workflow. The Step Functions state machine orchestrates the entire process, ensuring reliable execution and error handling.

Within the workflow, AWS Lambda functions are responsible for retrieving the original image from S3, applying the watermark using the Pillow library, and storing the processed image back in S3. These functions also update metadata about the processed images in Amazon DynamoDB, which can be used for tracking and reporting purposes.

Amazon API Gateway provides RESTful endpoints for users to interact with the application, such as initiating watermarking jobs or retrieving the status of processing. Amazon CloudFront is utilized as a content delivery network to ensure fast and efficient distribution of the watermarked images to end-users around the globe.

The entire infrastructure is defined and managed using AWS CloudFormation, enabling infrastructure-as-code practices and easy replication of the environment. AWS Identity and Access Management (IAM) is employed to manage secure access to various AWS resources, ensuring that each component has only the necessary permissions.

Amazon CloudWatch is used for monitoring the application's performance, logging, and setting up alarms for any issues that may arise during the watermarking process.

This serverless design allows for easy scaling, minimal operational overhead, and a pay-per-use cost model, making it an efficient solution for image watermarking needs of varying scales.","Here's the Python code using the diagrams library (version 0.23.4) to create the serverless image watermarking architecture diagram:


from diagrams import Diagram, Cluster, Edge
from diagrams.aws.compute import Lambda
from diagrams.aws.storage import S3
from diagrams.aws.network import APIGateway, CloudFront
from diagrams.aws.database import Dynamodb
from diagrams.aws.integration import StepFunctions, Eventbridge
from diagrams.aws.management import Cloudwatch, Cloudformation
from diagrams.aws.security import IAM
from diagrams.generic.device import Mobile

# Set Diagram properties
diagram_attr = {
    ""fontsize"": ""20"",
    ""bgcolor"": ""white"",
    ""rankdir"": ""TB"",
    ""pad"": ""0.5""
}

with Diagram(""Serverless Image Watermarking Architecture"", show=False, filename=""static/gpt_generated_diagram"", outformat=""png"", graph_attr=diagram_attr):
    # Define nodes
    user = Mobile(""User"")
    s3 = S3(""Amazon S3"")
    lambda_func = Lambda(""AWS Lambda"")
    api_gateway = APIGateway(""Amazon API Gateway"")
    dynamodb = Dynamodb(""Amazon DynamoDB"")
    cloudfront = CloudFront(""Amazon CloudFront"")
    step_functions = StepFunctions(""AWS Step Functions"")
    eventbridge = Eventbridge(""Amazon EventBridge"")
    cloudwatch = Cloudwatch(""Amazon CloudWatch"")
    iam = IAM(""AWS IAM"")
    cloudformation = Cloudformation(""AWS CloudFormation"")

    # Define relationships
    user >> Edge(label=""1. Upload Image"") >> s3
    user >> Edge(label=""Interact"") >> api_gateway
    s3 >> Edge(label=""2. Trigger Event"") >> eventbridge
    eventbridge >> Edge(label=""3. Start Workflow"") >> step_functions
    step_functions >> Edge(label=""4. Invoke"") >> lambda_func
    lambda_func >> Edge(label=""5. Retrieve/Store Images"") >> s3
    lambda_func >> Edge(label=""6. Update Metadata"") >> dynamodb
    api_gateway >> Edge(label=""Invoke"") >> lambda_func
    s3 >> Edge(label=""7. Serve Images"") >> cloudfront
    cloudfront >> Edge(label=""8. Deliver Content"") >> user

    # Monitoring and Management
    cloudwatch >> Edge(style=""dotted"", label=""Monitor"") >> lambda_func
    cloudwatch >> Edge(style=""dotted"") >> s3
    cloudwatch >> Edge(style=""dotted"") >> api_gateway
    cloudwatch >> Edge(style=""dotted"") >> dynamodb
    cloudwatch >> Edge(style=""dotted"") >> step_functions
    cloudwatch >> Edge(style=""dotted"") >> eventbridge

    iam >> Edge(style=""dotted"", label=""Manage Access"") >> lambda_func
    iam >> Edge(style=""dotted"") >> s3
    iam >> Edge(style=""dotted"") >> api_gateway
    iam >> Edge(style=""dotted"") >> dynamodb
    iam >> Edge(style=""dotted"") >> step_functions
    iam >> Edge(style=""dotted"") >> eventbridge

    cloudformation >> Edge(style=""dotted"", label=""Define Infrastructure"") >> lambda_func
    cloudformation >> Edge(style=""dotted"") >> s3
    cloudformation >> Edge(style=""dotted"") >> api_gateway
    cloudformation >> Edge(style=""dotted"") >> dynamodb
    cloudformation >> Edge(style=""dotted"") >> cloudfront
    cloudformation >> Edge(style=""dotted"") >> step_functions
    cloudformation >> Edge(style=""dotted"") >> eventbridge
    cloudformation >> Edge(style=""dotted"") >> iam

    # Core Processing subgraph
    with Cluster(""Core Processing""):
        pillow = lambda_func >> Edge(style=""dashed"") >> lambda_func


This code creates a diagram of the serverless image watermarking architecture using the diagrams library version 0.23.4. It includes all the AWS services mentioned in the original DOT code, their relationships, and the core processing subgraph. The diagram will be saved as a PNG file named ""gpt_generated_diagram"" in the ""static"" directory without displaying it (show=False).",correct
